epoch,train_loss,valid_loss,test_loss,train_acc,valid_acc,test_acc,early_stop_epoch
1,0.13516364999860525,0.1609506905078888,0.14243103563785553,0.9607454545454546,0.9528,0.9572,6
2,0.08095721510357477,0.11505729705095291,0.09724375605583191,0.9756727272727272,0.9648,0.9702,6
3,0.05906300046548925,0.09922469407320023,0.08273128420114517,0.9818181818181818,0.969,0.9762,6
4,0.046978247868659145,0.09281647950410843,0.07687807083129883,0.9857818181818182,0.9706,0.9781,6
5,0.03909795926227658,0.09030186384916306,0.07416000217199326,0.9882363636363637,0.972,0.9792,6
6,0.033516564440977,0.08951641619205475,0.0737033486366272,0.989909090909091,0.9726,0.979,6
7,0.02938974717638286,0.09010389447212219,0.07437529414892197,0.9912181818181818,0.972,0.9791,6
8,0.02624457202244296,0.09172636270523071,0.07607565820217133,0.9923090909090909,0.9732,0.9793,6
9,0.023620439925326288,0.09441656619310379,0.07798580080270767,0.9932,0.973,0.9797,6
