epoch,train_loss,valid_loss,test_loss,train_acc,valid_acc,test_acc,early_stop_epoch
1,0.10557818286324089,0.13150596618652344,0.11432253569364548,0.9693636363636363,0.9574,0.9667,4
2,0.05908614524657076,0.09259217232465744,0.07867635041475296,0.9828545454545454,0.9692,0.9748,4
3,0.04062595851516182,0.08107654005289078,0.06867410242557526,0.9886909090909091,0.9716,0.9797,4
4,0.031135390762451358,0.07840646058320999,0.06676281243562698,0.9912,0.9724,0.9808,4
5,0.025166481448062272,0.07856107503175735,0.06819220632314682,0.992890909090909,0.975,0.9803,4
6,0.020988761317196555,0.08025010675191879,0.07066096365451813,0.993890909090909,0.9752,0.9808,4
7,0.017719520233396905,0.0835423693060875,0.07452758401632309,0.9946727272727273,0.976,0.9807,4
8,0.015233936312417923,0.0868762955069542,0.07892974466085434,0.9953090909090909,0.976,0.9799,4
