epoch,train_loss,valid_loss,test_loss,train_acc,valid_acc,test_acc,early_stop_epoch
1,0.15315395023402842,0.17733219265937805,0.16507770121097565,0.9560363636363637,0.9474,0.9504,4
2,0.08344815110889348,0.11608265340328217,0.10662709921598434,0.9755090909090909,0.9658,0.9668,4
3,0.05498240734823048,0.0944214016199112,0.08736530691385269,0.9837636363636364,0.9696,0.9724,4
4,0.041376163311471995,0.08859734237194061,0.08057253062725067,0.988,0.9724,0.9753,4
5,0.03193323582808741,0.09006507694721222,0.07861741632223129,0.9902727272727273,0.9738,0.9772,4
6,0.02341150720857761,0.09322263300418854,0.07751025259494781,0.9927636363636364,0.9744,0.9775,4
7,0.023793338881784372,0.1004088893532753,0.08593130856752396,0.9923272727272727,0.9744,0.977,4
8,0.013618820054276677,0.09293189644813538,0.07866241782903671,0.9956727272727273,0.9764,0.9796,4
9,0.02192115283470114,0.1144220307469368,0.10137222707271576,0.992,0.9734,0.9764,4
