epoch,train_loss,valid_loss,test_loss,train_acc,valid_acc,test_acc,early_stop_epoch
1,0.18142122204601766,0.20077672600746155,0.18869121372699738,0.9480545454545455,0.944,0.9464,7
2,0.10495294134826823,0.13539323210716248,0.12058091908693314,0.9683272727272727,0.96,0.9632,7
3,0.07149371899562804,0.11190367490053177,0.09618563205003738,0.9788363636363636,0.967,0.9714,7
4,0.05080008108405904,0.09812451899051666,0.08224736154079437,0.9853636363636363,0.9698,0.976,7
5,0.038939776244488626,0.09370214492082596,0.07835325598716736,0.988890909090909,0.9728,0.9776,7
6,0.03043537568605759,0.09283404797315598,0.07678942382335663,0.9910545454545454,0.9714,0.978,7
7,0.0221286205093969,0.09077204763889313,0.07429204136133194,0.9936363636363637,0.9734,0.98,7
8,0.01919919102395546,0.0917627140879631,0.08153931796550751,0.9944181818181819,0.9738,0.9777,7
9,0.01781754828690001,0.10158421099185944,0.0872180163860321,0.9946727272727273,0.9734,0.9767,7
