epoch,train_loss,valid_loss,test_loss,train_acc,valid_acc,test_acc,early_stop_epoch
1,0.11665507520667531,0.1440146267414093,0.12409009784460068,0.9661818181818181,0.9544,0.9634,5
2,0.06869525284692644,0.10395175963640213,0.08622914552688599,0.9792545454545455,0.9664,0.9732,5
3,0.049159275314262646,0.0896981954574585,0.07450714707374573,0.9849272727272728,0.97,0.9771,5
4,0.03822424428545954,0.08381016552448273,0.07042349874973297,0.9889636363636364,0.9718,0.9791,5
5,0.031199629876423964,0.08222943544387817,0.06981600075960159,0.9908363636363636,0.973,0.9796,5
6,0.026524430748265746,0.08322539925575256,0.07087815552949905,0.992,0.9742,0.9799,5
7,0.02304286544369957,0.08496014773845673,0.07322316616773605,0.9930363636363636,0.9738,0.9805,5
8,0.02021698187393221,0.08753185719251633,0.07637177407741547,0.9939636363636364,0.9744,0.9803,5
9,0.017947073401787996,0.09039508551359177,0.07977920770645142,0.9946909090909091,0.9742,0.9801,5
