epoch,train_loss,valid_loss,test_loss,train_acc,valid_acc,test_acc,early_stop_epoch
1,0.1353564609390768,0.16164128482341766,0.140374094247818,0.9610181818181818,0.9538,0.959,6
2,0.0833610933734612,0.11822737008333206,0.09741580486297607,0.9746727272727272,0.9636,0.9703,6
3,0.06228606115908108,0.1032039076089859,0.08371095359325409,0.9811454545454545,0.9672,0.974,6
4,0.050765228359282696,0.09665006399154663,0.07828685641288757,0.9845818181818182,0.969,0.977,6
5,0.043356075638397176,0.09428515285253525,0.07630228251218796,0.9863454545454545,0.9706,0.9769,6
6,0.03822077998082916,0.09380187839269638,0.07593254745006561,0.9879272727272728,0.9702,0.9767,6
7,0.03431629732064903,0.09451412409543991,0.07659738510847092,0.9892181818181818,0.9712,0.977,6
8,0.03146151707884432,0.09561658650636673,0.07799839228391647,0.9900545454545454,0.972,0.9768,6
9,0.02901670355883173,0.09679828584194183,0.0797138437628746,0.9907454545454546,0.9722,0.9772,6
