epoch,train_loss,valid_loss,test_loss,train_acc,valid_acc,test_acc,early_stop_epoch
1,0.13049489071897485,0.15424595773220062,0.13209284842014313,0.9612181818181819,0.9522,0.9604,8
2,0.07458102759888226,0.10996214300394058,0.09225624054670334,0.9775636363636364,0.965,0.9716,8
3,0.050956504014997996,0.0952005609869957,0.07947514951229095,0.9844181818181819,0.969,0.9765,8
4,0.04162551054519347,0.0964464321732521,0.08241751044988632,0.9863818181818181,0.9698,0.9757,8
5,0.0366076263141903,0.09695632010698318,0.08368150889873505,0.9881636363636364,0.973,0.9771,8
6,0.043452891966460315,0.10848941653966904,0.10225113481283188,0.9863272727272727,0.9714,0.9708,8
7,0.02418119005435702,0.10368720442056656,0.08453278988599777,0.9918,0.9748,0.9784,8
8,0.019735553411028707,0.0927463173866272,0.08665776997804642,0.9939818181818182,0.977,0.9802,8
9,0.02515172164535728,0.1220310777425766,0.11257500946521759,0.9918,0.9746,0.9762,8
