epoch,train_loss,valid_loss,test_loss,train_acc,valid_acc,test_acc,early_stop_epoch
1,0.193160265407779,0.20243719220161438,0.19770823419094086,0.9441454545454545,0.9416,0.9421,7
2,0.11067864009737968,0.13293999433517456,0.1219995990395546,0.9674,0.962,0.9633,7
3,0.07696747036786242,0.1082727313041687,0.09559892117977142,0.9773454545454545,0.9702,0.9705,7
4,0.05884466913325543,0.09842437505722046,0.0860578715801239,0.9822363636363637,0.9732,0.9725,7
5,0.04625030164810067,0.09386204928159714,0.08135223388671875,0.9860545454545454,0.9758,0.9744,7
6,0.038097312252037226,0.09276846796274185,0.0803370475769043,0.9881090909090909,0.9752,0.976,7
7,0.029566378410143607,0.08948857337236404,0.07878752797842026,0.9906181818181818,0.9754,0.9774,7
8,0.026514153438271022,0.09598034620285034,0.08202265948057175,0.9912909090909091,0.975,0.977,7
9,0.025602358090177982,0.11007462441921234,0.09197162836790085,0.990890909090909,0.974,0.9752,7
